{"cameraMode":{"drawMode":0,"name":"Shaded","section":"Shading Mode"},"sceneLighting":true,"audioPlay":false,"sceneViewState":{"m_AlwaysRefresh":false,"showFog":false,"showSkybox":false,"showFlares":false,"showImageEffects":false,"showParticleSystems":false,"showVisualEffectGraphs":true,"m_FxEnabled":true},"in2DMode":false,"pivot":{"x":492.9992980957031,"y":255.13040161132813,"z":377.84002685546877},"rotation":{"x":-0.0467190220952034,"y":0.056006379425525668,"z":-0.002623544307425618,"w":-0.9973335862159729},"size":450.4659118652344,"orthographic":false}